--
-- PostgreSQL database dump
--

-- Dumped from database version 17.0
-- Dumped by pg_dump version 17.0

SET statement_timeout = 0;
SET lock_timeout = 0;
SET idle_in_transaction_session_timeout = 0;
SET transaction_timeout = 0;
SET client_encoding = 'UTF8';
SET standard_conforming_strings = on;
SELECT pg_catalog.set_config('search_path', '', false);
SET check_function_bodies = false;
SET xmloption = content;
SET client_min_messages = warning;
SET row_security = off;

SET default_tablespace = '';

SET default_table_access_method = heap;

--
-- Name: asset_device; Type: TABLE; Schema: public; Owner: postgres
--

CREATE TABLE public.asset_device (
    device_id bigint NOT NULL,
    leasing_fee double precision,
    status integer,
    device_name character varying,
    company character varying,
    longitude double precision,
    latitude double precision
);


ALTER TABLE public.asset_device OWNER TO postgres;

--
-- Name: asset_device_device_id_seq; Type: SEQUENCE; Schema: public; Owner: postgres
--

ALTER TABLE public.asset_device ALTER COLUMN device_id ADD GENERATED BY DEFAULT AS IDENTITY (
    SEQUENCE NAME public.asset_device_device_id_seq
    START WITH 1
    INCREMENT BY 1
    NO MINVALUE
    NO MAXVALUE
    CACHE 1
);


--
-- Name: asset_match; Type: TABLE; Schema: public; Owner: postgres
--

CREATE TABLE public.asset_match (
    task_id bigint,
    device_id bigint,
    start_time bigint,
    lease_duration bigint,
    leasing_fee double precision,
    cost double precision,
    provider character varying,
    consumer character varying
);


ALTER TABLE public.asset_match OWNER TO postgres;

--
-- Name: capability; Type: TABLE; Schema: public; Owner: postgres
--

CREATE TABLE public.capability (
    cap_id bigint NOT NULL,
    cap_name character varying
);


ALTER TABLE public.capability OWNER TO postgres;

--
-- Name: capability_cap_id_seq; Type: SEQUENCE; Schema: public; Owner: postgres
--

ALTER TABLE public.capability ALTER COLUMN cap_id ADD GENERATED BY DEFAULT AS IDENTITY (
    SEQUENCE NAME public.capability_cap_id_seq
    START WITH 1
    INCREMENT BY 1
    NO MINVALUE
    NO MAXVALUE
    CACHE 1
);


--
-- Name: device_capability; Type: TABLE; Schema: public; Owner: postgres
--

CREATE TABLE public.device_capability (
    device_id bigint,
    cap_id bigint
);


ALTER TABLE public.device_capability OWNER TO postgres;

--
-- Name: requirement; Type: TABLE; Schema: public; Owner: postgres
--

CREATE TABLE public.requirement (
    id character varying NOT NULL,
    requirement character varying,
    description character varying,
    longitude double precision,
    latitude double precision,
    company character varying
);


ALTER TABLE public.requirement OWNER TO postgres;

--
-- Name: task; Type: TABLE; Schema: public; Owner: postgres
--

CREATE TABLE public.task (
    task_id bigint NOT NULL,
    leasing_company character varying(255),
    cap_id bigint,
    task_name character varying,
    requirement_id character varying,
    longitude double precision,
    latitude double precision,
    "time" character varying,
    period bigint,
    condition_expression character varying,
    status integer
);


ALTER TABLE public.task OWNER TO postgres;

--
-- Name: task_id_seq; Type: SEQUENCE; Schema: public; Owner: postgres
--

CREATE SEQUENCE public.task_id_seq
    START WITH 1
    INCREMENT BY 1
    NO MINVALUE
    MAXVALUE 10000000
    CACHE 1
    CYCLE;


ALTER SEQUENCE public.task_id_seq OWNER TO postgres;

--
-- Name: task_id_seq; Type: SEQUENCE OWNED BY; Schema: public; Owner: postgres
--

ALTER SEQUENCE public.task_id_seq OWNED BY public.task.task_id;


--
-- Name: task task_id; Type: DEFAULT; Schema: public; Owner: postgres
--

ALTER TABLE ONLY public.task ALTER COLUMN task_id SET DEFAULT nextval('public.task_id_seq'::regclass);


--
-- Data for Name: asset_device; Type: TABLE DATA; Schema: public; Owner: postgres
--

COPY public.asset_device (device_id, leasing_fee, status, device_name, company, longitude, latitude) FROM stdin;
1012	200	0	B2	B	\N	\N
3	150	0	devide3	company1	160	85
1001	100	0	A1	A	\N	\N
1002	200	0	A2	A	\N	\N
1003	105.2	0	A3	A	\N	\N
1021	100	0	C1	C	\N	\N
1032	200	0	B1	B	\N	\N
1011	100	0	A4	A	\N	\N
1	130	0	devide1	company1	120	95
2	140	0	devide2	company0	140	90
\.


--
-- Data for Name: asset_match; Type: TABLE DATA; Schema: public; Owner: postgres
--

COPY public.asset_match (task_id, device_id, start_time, lease_duration, leasing_fee, cost, provider, consumer) FROM stdin;
16	1001	1746361152670	36000	100	1000	A	A
17	1002	1746361152701	36000	200	2000	A	B
18	1003	1746361152710	36000	105.2	1052	A	C
20	1032	1746361262207	36000	200	2000	B	B
23	1021	1746361262207	36000	100	1000	C	A
22	1021	1746361262207	36000	100	1000	C	C
27	2	1746361417212	36000	140	1400	company0	C
26	1011	1746361417212	36000	100	1000	A	B
25	1	1746361417212	36000	130	1300	company1	A
\.


--
-- Data for Name: capability; Type: TABLE DATA; Schema: public; Owner: postgres
--

COPY public.capability (cap_id, cap_name) FROM stdin;
1	cap1
2	cap2
3	cap3
4	cap4
5	cap5
\.


--
-- Data for Name: device_capability; Type: TABLE DATA; Schema: public; Owner: postgres
--

COPY public.device_capability (device_id, cap_id) FROM stdin;
1001	1
1002	2
1003	3
1001	3
1021	1
1032	2
1011	2
1021	3
1	1
1	2
2	4
2	5
2	1
2	3
\.


--
-- Data for Name: requirement; Type: TABLE DATA; Schema: public; Owner: postgres
--

COPY public.requirement (id, requirement, description, longitude, latitude, company) FROM stdin;
id01	需求标题	需求描述	100	102	XXX有限责任公司
1	100	100	1.2	1.2	company
101	100	100	1.2	1.2	company
102	100	100	1.2	1.2	company
\.


--
-- Data for Name: task; Type: TABLE DATA; Schema: public; Owner: postgres
--

COPY public.task (task_id, leasing_company, cap_id, task_name, requirement_id, longitude, latitude, "time", period, condition_expression, status) FROM stdin;
22	C	3	taskNavigate	101	100	100	\N	\N	\N	3
20	B	2	taskIdentify	101	\N	\N	\N	\N	\N	3
23	A	1	taskReconnaissance	101	\N	\N	\N	\N	\N	3
21	\N	\N	\N	\N	1.2	100	\N	\N	已引导到目的地	4
24	\N	\N	\N	\N	1.2	100	\N	\N	已引导到目的地	1
26	B	2	taskIdentify	102	\N	\N	\N	\N	\N	3
25	A	1	taskReconnaissance	102	\N	\N	\N	\N	\N	3
27	C	3	taskNavigate	102	100	100	\N	\N	\N	3
\.


--
-- Name: asset_device_device_id_seq; Type: SEQUENCE SET; Schema: public; Owner: postgres
--

SELECT pg_catalog.setval('public.asset_device_device_id_seq', 3, true);


--
-- Name: capability_cap_id_seq; Type: SEQUENCE SET; Schema: public; Owner: postgres
--

SELECT pg_catalog.setval('public.capability_cap_id_seq', 1, false);


--
-- Name: task_id_seq; Type: SEQUENCE SET; Schema: public; Owner: postgres
--

SELECT pg_catalog.setval('public.task_id_seq', 27, true);


--
-- Name: asset_device asset_device_pkey; Type: CONSTRAINT; Schema: public; Owner: postgres
--

ALTER TABLE ONLY public.asset_device
    ADD CONSTRAINT asset_device_pkey PRIMARY KEY (device_id);


--
-- Name: capability capability_pkey; Type: CONSTRAINT; Schema: public; Owner: postgres
--

ALTER TABLE ONLY public.capability
    ADD CONSTRAINT capability_pkey PRIMARY KEY (cap_id);


--
-- Name: requirement requirement_pkey; Type: CONSTRAINT; Schema: public; Owner: postgres
--

ALTER TABLE ONLY public.requirement
    ADD CONSTRAINT requirement_pkey PRIMARY KEY (id);


--
-- Name: task task_pkey; Type: CONSTRAINT; Schema: public; Owner: postgres
--

ALTER TABLE ONLY public.task
    ADD CONSTRAINT task_pkey PRIMARY KEY (task_id);


--
-- PostgreSQL database dump complete
--

